{
    "kernel_sizes": [
        [
            9,
            4,
            1
        ],
        [
            7,
            6,
            3
        ],
        [
            6
        ],
        [
            2
        ],
        [
            6
        ]
    ],
    "filters": [
        [
            15,
            18,
            20
        ],
        [
            4,
            9,
            23
        ],
        [
            6
        ],
        [
            15
        ],
        [
            16
        ]
    ],
    "pool_sizes": [
        [
            8,
            6,
            2
        ],
        [
            10,
            7,
            2
        ],
        [
            1
        ],
        [
            4
        ],
        [
            10
        ]
    ],
    "FC_nodes": [
        [
            128
        ],
        [
            8
        ],
        [
            128,
            64
        ],
        [
            32,
            8
        ],
        [
            64
        ]
    ],
    "lr": [
        0.008651163292662993,
        0.0015450880149379329,
        0.09572660095894862,
        0.00835952277991588,
        0.002785159645165889
    ],
    "performance": [
        [
            0.08116776496171951,
            0.08116776496171951
        ],
        [
            0.6906927824020386,
            0.6906927824020386
        ],
        [
            0.9807319045066833,
            0.9807319045066833
        ],
        [
            0.9672132134437561,
            0.9672132134437561
        ],
        [
            0.20473040640354156,
            0.20473040640354156
        ]
    ]
}